{
  "type": "minecraft:jigsaw",
  "biomes": "#minecraft:has_structure/nether_fortress",
  "step": "surface_structures",
  "terrain_adaptation": "none",
  "spawn_overrides": {
    "monster": {
      "bounding_box": "piece",
      "spawns": []
    }
  },
  "start_height": {
    "type": "minecraft:uniform",
    "max_inclusive": {
      "absolute": 100
    },
    "min_inclusive": {
      "absolute": 0
    }
  },
  "start_pool": "redev:nether_fortress/fortress_start",
  "size": 16,
  "max_distance_from_center": 100,
  "use_expansion_hack": false
}
